Ranking,Name,Location,Exams,Performance_Score
1,Nada High School,Hyogo,Japanese Common Test & University Exams,96.7
2,Tsukuba University附属駒場 High School,Tokyo,Japanese Common Test & University Exams,93.3
3,Kaisei High School,Tokyo,Japanese Common Test & University Exams,90.0
4,K. International School Tokyo (KIST),Tokyo,IB Diploma Programme (DP),89.0
5,Azabu High School,Tokyo,Japanese Common Test & University Exams,86.7
6,Hibiya High School,Tokyo,Japanese Common Test & University Exams,76.7
7,Niigata Prefectural High School Tier-13,Niigata,Japanese Common Test & University Exams,73.3
8,Kanagawa Prefectural High School Tier-12,Kanagawa,Japanese Common Test & University Exams,73.3
9,Toyama Prefectural High School Tier-14,Toyama,Japanese Common Test & University Exams,73.0
10,Ishikawa Prefectural High School Tier-15,Ishikawa,Japanese Common Test & University Exams,73.0
11,Fukui Prefectural High School Tier-16,Fukui,Japanese Common Test & University Exams,72.7
12,Nagano Prefectural High School Tier-18,Nagano,Japanese Common Test & University Exams,72.7
13,Yamanashi Prefectural High School Tier-17,Yamanashi,Japanese Common Test & University Exams,72.7
14,Shizuoka Prefectural High School Tier-20,Shizuoka,Japanese Common Test & University Exams,72.3
15,Gifu Prefectural High School Tier-19,Gifu,Japanese Common Test & University Exams,72.3
16,Shiga Prefectural High School Tier-23,Shiga,Japanese Common Test & University Exams,72.0
17,Mie Prefectural High School Tier-22,Mie,Japanese Common Test & University Exams,72.0
18,Aichi Prefectural High School Tier-21,Aichi,Japanese Common Test & University Exams,72.0
19,Kyoto Prefectural High School Tier-24,Kyoto,Japanese Common Test & University Exams,71.7
20,Osaka Prefectural High School Tier-25,Osaka,Japanese Common Test & University Exams,71.7
21,Osaka International School,Osaka,IB Diploma Programme (DP),71.4
22,Wakayama Prefectural High School Tier-28,Wakayama,Japanese Common Test & University Exams,71.3
23,Nara Prefectural High School Tier-27,Nara,Japanese Common Test & University Exams,71.3
24,Hyogo Prefectural High School Tier-26,Hyogo,Japanese Common Test & University Exams,71.3
25,Tottori Prefectural High School Tier-29,Tottori,Japanese Common Test & University Exams,71.0
26,Shimane Prefectural High School Tier-30,Shimane,Japanese Common Test & University Exams,71.0
27,Okayama Prefectural High School Tier-31,Okayama,Japanese Common Test & University Exams,70.7
28,Hiroshima Prefectural High School Tier-32,Hiroshima,Japanese Common Test & University Exams,70.7
29,Yamaguchi Prefectural High School Tier-33,Yamaguchi,Japanese Common Test & University Exams,70.7
30,Kagawa Prefectural High School Tier-35,Kagawa,Japanese Common Test & University Exams,70.3
31,Tokushima Prefectural High School Tier-34,Tokushima,Japanese Common Test & University Exams,70.3
32,Fukuoka Prefectural High School Tier-38,Fukuoka,Japanese Common Test & University Exams,70.0
33,Ehime Prefectural High School Tier-36,Ehime,Japanese Common Test & University Exams,70.0
34,Kochi Prefectural High School Tier-37,Kochi,Japanese Common Test & University Exams,70.0
35,Nagasaki Prefectural High School Tier-40,Nagasaki,Japanese Common Test & University Exams,69.7
36,Saga Prefectural High School Tier-39,Saga,Japanese Common Test & University Exams,69.7
37,Oita Prefectural High School Tier-42,Oita,Japanese Common Test & University Exams,69.3
38,Kumamoto Prefectural High School Tier-41,Kumamoto,Japanese Common Test & University Exams,69.3
39,Miyazaki Prefectural High School Tier-43,Miyazaki,Japanese Common Test & University Exams,69.3
40,Okinawa Prefectural High School Tier-45,Okinawa,Japanese Common Test & University Exams,69.0
41,Kagoshima Prefectural High School Tier-44,Kagoshima,Japanese Common Test & University Exams,69.0
42,Aomori Prefectural High School Tier-47,Aomori,Japanese Common Test & University Exams,68.7
43,Iwate Prefectural High School Tier-48,Iwate,Japanese Common Test & University Exams,68.7
44,Hokkaido Prefectural High School Tier-46,Hokkaido,Japanese Common Test & University Exams,68.7
45,The British School in Tokyo,Tokyo,GCE A-Levels / Cambridge CIE,68.6
46,The American School in Japan (ASIJ),Tokyo,American AP (Advanced Placement),68.4
47,Miyagi Prefectural High School Tier-49,Miyagi,Japanese Common Test & University Exams,68.3
48,Akita Prefectural High School Tier-50,Akita,Japanese Common Test & University Exams,68.3
49,Yamagata Prefectural High School Tier-51,Yamagata,Japanese Common Test & University Exams,68.0
50,Fukushima Prefectural High School Tier-52,Fukushima,Japanese Common Test & University Exams,68.0
51,Ibaraki Prefectural High School Tier-53,Ibaraki,Japanese Common Test & University Exams,68.0
52,Tochigi Prefectural High School Tier-54,Tochigi,Japanese Common Test & University Exams,67.7
53,Gunma Prefectural High School Tier-55,Gunma,Japanese Common Test & University Exams,67.7
54,Saitama Prefectural High School Tier-56,Saitama,Japanese Common Test & University Exams,67.3
55,Chiba Prefectural High School Tier-57,Chiba,Japanese Common Test & University Exams,67.3
56,Kanagawa Prefectural High School Tier-58,Kanagawa,Japanese Common Test & University Exams,67.3
57,Toyama Prefectural High School Tier-60,Toyama,Japanese Common Test & University Exams,67.0
58,Niigata Prefectural High School Tier-59,Niigata,Japanese Common Test & University Exams,67.0
59,Fukui Prefectural High School Tier-62,Fukui,Japanese Common Test & University Exams,66.7
60,Yamanashi Prefectural High School Tier-63,Yamanashi,Japanese Common Test & University Exams,66.7
61,Ishikawa Prefectural High School Tier-61,Ishikawa,Japanese Common Test & University Exams,66.7
62,Nagano Prefectural High School Tier-64,Nagano,Japanese Common Test & University Exams,66.3
63,Gifu Prefectural High School Tier-65,Gifu,Japanese Common Test & University Exams,66.3
64,Shizuoka Prefectural High School Tier-66,Shizuoka,Japanese Common Test & University Exams,66.0
65,Aichi Prefectural High School Tier-67,Aichi,Japanese Common Test & University Exams,66.0
66,Mie Prefectural High School Tier-68,Mie,Japanese Common Test & University Exams,66.0
67,Shiga Prefectural High School Tier-69,Shiga,Japanese Common Test & University Exams,65.7
68,Kyoto Prefectural High School Tier-70,Kyoto,Japanese Common Test & University Exams,65.7
69,Nara Prefectural High School Tier-73,Nara,Japanese Common Test & University Exams,65.3
70,Hyogo Prefectural High School Tier-72,Hyogo,Japanese Common Test & University Exams,65.3
71,Osaka Prefectural High School Tier-71,Osaka,Japanese Common Test & University Exams,65.3
72,Wakayama Prefectural High School Tier-74,Wakayama,Japanese Common Test & University Exams,65.0
73,Tottori Prefectural High School Tier-75,Tottori,Japanese Common Test & University Exams,65.0
74,Shimane Prefectural High School Tier-76,Shimane,Japanese Common Test & University Exams,64.7
75,Okayama Prefectural High School Tier-77,Okayama,Japanese Common Test & University Exams,64.7
76,Hiroshima Prefectural High School Tier-78,Hiroshima,Japanese Common Test & University Exams,64.7
77,Yamaguchi Prefectural High School Tier-79,Yamaguchi,Japanese Common Test & University Exams,64.3
78,Tokushima Prefectural High School Tier-80,Tokushima,Japanese Common Test & University Exams,64.3
79,Kagawa Prefectural High School Tier-81,Kagawa,Japanese Common Test & University Exams,64.0
80,Ehime Prefectural High School Tier-82,Ehime,Japanese Common Test & University Exams,64.0
81,Kochi Prefectural High School Tier-83,Kochi,Japanese Common Test & University Exams,64.0
82,Fukuoka Prefectural High School Tier-84,Fukuoka,Japanese Common Test & University Exams,63.7
83,Saga Prefectural High School Tier-85,Saga,Japanese Common Test & University Exams,63.7
84,Nagasaki Prefectural High School Tier-86,Nagasaki,Japanese Common Test & University Exams,63.3
85,Oita Prefectural High School Tier-88,Oita,Japanese Common Test & University Exams,63.3
86,Kumamoto Prefectural High School Tier-87,Kumamoto,Japanese Common Test & University Exams,63.3
87,Kagoshima Prefectural High School Tier-90,Kagoshima,Japanese Common Test & University Exams,63.0
88,Miyazaki Prefectural High School Tier-89,Miyazaki,Japanese Common Test & University Exams,63.0
89,Okinawa Prefectural High School Tier-91,Okinawa,Japanese Common Test & University Exams,62.7
90,Aomori Prefectural High School Tier-93,Aomori,Japanese Common Test & University Exams,62.7
91,Hokkaido Prefectural High School Tier-92,Hokkaido,Japanese Common Test & University Exams,62.7
92,Harrow International School Appi,Iwate,GCE A-Levels / Cambridge CIE,62.7
93,Iwate Prefectural High School Tier-94,Iwate,Japanese Common Test & University Exams,62.3
94,Miyagi Prefectural High School Tier-95,Miyagi,Japanese Common Test & University Exams,62.3
95,Akita Prefectural High School Tier-96,Akita,Japanese Common Test & University Exams,62.0
96,Yamagata Prefectural High School Tier-97,Yamagata,Japanese Common Test & University Exams,62.0
97,Fukushima Prefectural High School Tier-98,Fukushima,Japanese Common Test & University Exams,62.0
98,Ibaraki Prefectural High School Tier-99,Ibaraki,Japanese Common Test & University Exams,61.7
99,Tochigi Prefectural High School Tier-100,Tochigi,Japanese Common Test & University Exams,61.7
100,Chiba Prefectural High School Tier-103,Chiba,Japanese Common Test & University Exams,61.3
101,Gunma Prefectural High School Tier-101,Gunma,Japanese Common Test & University Exams,61.3
102,Saitama Prefectural High School Tier-102,Saitama,Japanese Common Test & University Exams,61.3
103,Niigata Prefectural High School Tier-105,Niigata,Japanese Common Test & University Exams,61.0
104,Kanagawa Prefectural High School Tier-104,Kanagawa,Japanese Common Test & University Exams,61.0
105,Toyama Prefectural High School Tier-106,Toyama,Japanese Common Test & University Exams,60.7
106,Ishikawa Prefectural High School Tier-107,Ishikawa,Japanese Common Test & University Exams,60.7
107,Fukui Prefectural High School Tier-108,Fukui,Japanese Common Test & University Exams,60.7
108,Yamanashi Prefectural High School Tier-109,Yamanashi,Japanese Common Test & University Exams,60.3
109,Nagano Prefectural High School Tier-110,Nagano,Japanese Common Test & University Exams,60.3
110,Gifu Prefectural High School Tier-111,Gifu,Japanese Common Test & University Exams,60.0
111,Shizuoka Prefectural High School Tier-112,Shizuoka,Japanese Common Test & University Exams,60.0
112,Aichi Prefectural High School Tier-113,Aichi,Japanese Common Test & University Exams,60.0
113,Mie Prefectural High School Tier-114,Mie,Japanese Common Test & University Exams,59.7
114,Shiga Prefectural High School Tier-115,Shiga,Japanese Common Test & University Exams,59.7
115,Osaka Prefectural High School Tier-117,Osaka,Japanese Common Test & University Exams,59.3
116,Hyogo Prefectural High School Tier-118,Hyogo,Japanese Common Test & University Exams,59.3
117,Kyoto Prefectural High School Tier-116,Kyoto,Japanese Common Test & University Exams,59.3
118,Wakayama Prefectural High School Tier-120,Wakayama,Japanese Common Test & University Exams,59.0
119,Nara Prefectural High School Tier-119,Nara,Japanese Common Test & University Exams,59.0
120,Tottori Prefectural High School Tier-121,Tottori,Japanese Common Test & University Exams,58.7
121,Okayama Prefectural High School Tier-123,Okayama,Japanese Common Test & University Exams,58.7
122,Shimane Prefectural High School Tier-122,Shimane,Japanese Common Test & University Exams,58.7
123,Yamaguchi Prefectural High School Tier-125,Yamaguchi,Japanese Common Test & University Exams,58.3
124,Hiroshima Prefectural High School Tier-124,Hiroshima,Japanese Common Test & University Exams,58.3
125,Tokushima Prefectural High School Tier-126,Tokushima,Japanese Common Test & University Exams,58.0
126,Kagawa Prefectural High School Tier-127,Kagawa,Japanese Common Test & University Exams,58.0
127,Ehime Prefectural High School Tier-128,Ehime,Japanese Common Test & University Exams,58.0
128,Kochi Prefectural High School Tier-129,Kochi,Japanese Common Test & University Exams,57.7
129,Fukuoka Prefectural High School Tier-130,Fukuoka,Japanese Common Test & University Exams,57.7
130,Saga Prefectural High School Tier-131,Saga,Japanese Common Test & University Exams,57.3
131,Nagasaki Prefectural High School Tier-132,Nagasaki,Japanese Common Test & University Exams,57.3
132,Kumamoto Prefectural High School Tier-133,Kumamoto,Japanese Common Test & University Exams,57.3
133,Oita Prefectural High School Tier-134,Oita,Japanese Common Test & University Exams,57.0
134,Miyazaki Prefectural High School Tier-135,Miyazaki,Japanese Common Test & University Exams,57.0
135,Kagoshima Prefectural High School Tier-136,Kagoshima,Japanese Common Test & University Exams,56.7
136,Hokkaido Prefectural High School Tier-138,Hokkaido,Japanese Common Test & University Exams,56.7
137,Okinawa Prefectural High School Tier-137,Okinawa,Japanese Common Test & University Exams,56.7
138,Iwate Prefectural High School Tier-140,Iwate,Japanese Common Test & University Exams,56.3
139,Aomori Prefectural High School Tier-139,Aomori,Japanese Common Test & University Exams,56.3
140,Miyagi Prefectural High School Tier-141,Miyagi,Japanese Common Test & University Exams,56.0
141,Akita Prefectural High School Tier-142,Akita,Japanese Common Test & University Exams,56.0
142,Yamagata Prefectural High School Tier-143,Yamagata,Japanese Common Test & University Exams,56.0
143,Fukushima Prefectural High School Tier-144,Fukushima,Japanese Common Test & University Exams,55.7
144,Ibaraki Prefectural High School Tier-145,Ibaraki,Japanese Common Test & University Exams,55.7
145,Tochigi Prefectural High School Tier-146,Tochigi,Japanese Common Test & University Exams,55.3
146,Gunma Prefectural High School Tier-147,Gunma,Japanese Common Test & University Exams,55.3
147,Saitama Prefectural High School Tier-148,Saitama,Japanese Common Test & University Exams,55.3
148,Kanagawa Prefectural High School Tier-150,Kanagawa,Japanese Common Test & University Exams,55.0
149,Chiba Prefectural High School Tier-149,Chiba,Japanese Common Test & University Exams,55.0
150,Rugby School Japan,Chiba,GCE A-Levels / Cambridge CIE,54.9
151,Niigata Prefectural High School Tier-151,Niigata,Japanese Common Test & University Exams,54.7
152,Toyama Prefectural High School Tier-152,Toyama,Japanese Common Test & University Exams,54.7
153,Ishikawa Prefectural High School Tier-153,Ishikawa,Japanese Common Test & University Exams,54.7
154,Fukui Prefectural High School Tier-154,Fukui,Japanese Common Test & University Exams,54.3
155,Yamanashi Prefectural High School Tier-155,Yamanashi,Japanese Common Test & University Exams,54.3
156,Nagano Prefectural High School Tier-156,Nagano,Japanese Common Test & University Exams,54.0
157,Gifu Prefectural High School Tier-157,Gifu,Japanese Common Test & University Exams,54.0
158,Shizuoka Prefectural High School Tier-158,Shizuoka,Japanese Common Test & University Exams,54.0
159,Mie Prefectural High School Tier-160,Mie,Japanese Common Test & University Exams,53.7
160,Aichi Prefectural High School Tier-159,Aichi,Japanese Common Test & University Exams,53.7
161,Shiga Prefectural High School Tier-161,Shiga,Japanese Common Test & University Exams,53.3
162,Kyoto Prefectural High School Tier-162,Kyoto,Japanese Common Test & University Exams,53.3
163,Osaka Prefectural High School Tier-163,Osaka,Japanese Common Test & University Exams,53.3
164,Hyogo Prefectural High School Tier-164,Hyogo,Japanese Common Test & University Exams,53.0
165,Nara Prefectural High School Tier-165,Nara,Japanese Common Test & University Exams,53.0
166,Wakayama Prefectural High School Tier-166,Wakayama,Japanese Common Test & University Exams,52.7
167,Tottori Prefectural High School Tier-167,Tottori,Japanese Common Test & University Exams,52.7
168,Shimane Prefectural High School Tier-168,Shimane,Japanese Common Test & University Exams,52.7
169,Okayama Prefectural High School Tier-169,Okayama,Japanese Common Test & University Exams,52.3
170,Hiroshima Prefectural High School Tier-170,Hiroshima,Japanese Common Test & University Exams,52.3
171,Kagawa Prefectural High School Tier-173,Kagawa,Japanese Common Test & University Exams,52.0
172,Tokushima Prefectural High School Tier-172,Tokushima,Japanese Common Test & University Exams,52.0
173,Yamaguchi Prefectural High School Tier-171,Yamaguchi,Japanese Common Test & University Exams,52.0
174,Ehime Prefectural High School Tier-174,Ehime,Japanese Common Test & University Exams,51.7
175,Kochi Prefectural High School Tier-175,Kochi,Japanese Common Test & University Exams,51.7
176,Fukuoka Prefectural High School Tier-176,Fukuoka,Japanese Common Test & University Exams,51.3
177,Saga Prefectural High School Tier-177,Saga,Japanese Common Test & University Exams,51.3
178,Nagasaki Prefectural High School Tier-178,Nagasaki,Japanese Common Test & University Exams,51.3
179,Kumamoto Prefectural High School Tier-179,Kumamoto,Japanese Common Test & University Exams,51.0
180,Oita Prefectural High School Tier-180,Oita,Japanese Common Test & University Exams,51.0
181,Miyazaki Prefectural High School Tier-181,Miyazaki,Japanese Common Test & University Exams,50.7
182,Kagoshima Prefectural High School Tier-182,Kagoshima,Japanese Common Test & University Exams,50.7
183,Okinawa Prefectural High School Tier-183,Okinawa,Japanese Common Test & University Exams,50.7
184,Hokkaido Prefectural High School Tier-184,Hokkaido,Japanese Common Test & University Exams,50.3
185,Aomori Prefectural High School Tier-185,Aomori,Japanese Common Test & University Exams,50.3
186,Akita Prefectural High School Tier-188,Akita,Japanese Common Test & University Exams,50.0
187,Miyagi Prefectural High School Tier-187,Miyagi,Japanese Common Test & University Exams,50.0
188,Iwate Prefectural High School Tier-186,Iwate,Japanese Common Test & University Exams,50.0
189,Yamagata Prefectural High School Tier-189,Yamagata,Japanese Common Test & University Exams,49.7
190,Fukushima Prefectural High School Tier-190,Fukushima,Japanese Common Test & University Exams,49.7
191,Ibaraki Prefectural High School Tier-191,Ibaraki,Japanese Common Test & University Exams,49.3
192,Tochigi Prefectural High School Tier-192,Tochigi,Japanese Common Test & University Exams,49.3
193,Gunma Prefectural High School Tier-193,Gunma,Japanese Common Test & University Exams,49.3
194,Chiba Prefectural High School Tier-195,Chiba,Japanese Common Test & University Exams,49.0
195,Laurus International School of Science,Tokyo,GCE A-Levels / Cambridge CIE,49.0
196,Saitama Prefectural High School Tier-194,Saitama,Japanese Common Test & University Exams,49.0
197,Niigata Prefectural High School Tier-197,Niigata,Japanese Common Test & University Exams,48.7
198,Toyama Prefectural High School Tier-198,Toyama,Japanese Common Test & University Exams,48.7
199,Kanagawa Prefectural High School Tier-196,Kanagawa,Japanese Common Test & University Exams,48.7
200,Ishikawa Prefectural High School Tier-199,Ishikawa,Japanese Common Test & University Exams,48.3
201,Fukui Prefectural High School Tier-200,Fukui,Japanese Common Test & University Exams,48.3
202,Yamanashi Prefectural High School Tier-201,Yamanashi,Japanese Common Test & University Exams,48.0
203,Nagano Prefectural High School Tier-202,Nagano,Japanese Common Test & University Exams,48.0
204,Gifu Prefectural High School Tier-203,Gifu,Japanese Common Test & University Exams,48.0
205,Shizuoka Prefectural High School Tier-204,Shizuoka,Japanese Common Test & University Exams,47.7
206,Aichi Prefectural High School Tier-205,Aichi,Japanese Common Test & University Exams,47.7
207,Shiga Prefectural High School Tier-207,Shiga,Japanese Common Test & University Exams,47.3
208,Kyoto Prefectural High School Tier-208,Kyoto,Japanese Common Test & University Exams,47.3
209,Mie Prefectural High School Tier-206,Mie,Japanese Common Test & University Exams,47.3
210,Osaka Prefectural High School Tier-209,Osaka,Japanese Common Test & University Exams,47.0
211,Hyogo Prefectural High School Tier-210,Hyogo,Japanese Common Test & University Exams,47.0
212,Nara Prefectural High School Tier-211,Nara,Japanese Common Test & University Exams,46.7
213,Wakayama Prefectural High School Tier-212,Wakayama,Japanese Common Test & University Exams,46.7
214,Tottori Prefectural High School Tier-213,Tottori,Japanese Common Test & University Exams,46.7
215,Shimane Prefectural High School Tier-214,Shimane,Japanese Common Test & University Exams,46.3
216,Okayama Prefectural High School Tier-215,Okayama,Japanese Common Test & University Exams,46.3
217,Hiroshima Prefectural High School Tier-216,Hiroshima,Japanese Common Test & University Exams,46.0
218,Yamaguchi Prefectural High School Tier-217,Yamaguchi,Japanese Common Test & University Exams,46.0
219,Tokushima Prefectural High School Tier-218,Tokushima,Japanese Common Test & University Exams,46.0
220,Kagawa Prefectural High School Tier-219,Kagawa,Japanese Common Test & University Exams,45.7
221,Ehime Prefectural High School Tier-220,Ehime,Japanese Common Test & University Exams,45.7
222,Saga Prefectural High School Tier-223,Saga,Japanese Common Test & University Exams,45.3
223,Fukuoka Prefectural High School Tier-222,Fukuoka,Japanese Common Test & University Exams,45.3
224,Kochi Prefectural High School Tier-221,Kochi,Japanese Common Test & University Exams,45.3
225,Kumamoto Prefectural High School Tier-225,Kumamoto,Japanese Common Test & University Exams,45.0
226,Nagasaki Prefectural High School Tier-224,Nagasaki,Japanese Common Test & University Exams,45.0
227,Oita Prefectural High School Tier-226,Oita,Japanese Common Test & University Exams,44.7
228,Miyazaki Prefectural High School Tier-227,Miyazaki,Japanese Common Test & University Exams,44.7
229,Kagoshima Prefectural High School Tier-228,Kagoshima,Japanese Common Test & University Exams,44.7
230,Okinawa Prefectural High School Tier-229,Okinawa,Japanese Common Test & University Exams,44.3
231,Hokkaido Prefectural High School Tier-230,Hokkaido,Japanese Common Test & University Exams,44.3
232,Aomori Prefectural High School Tier-231,Aomori,Japanese Common Test & University Exams,44.0
233,Iwate Prefectural High School Tier-232,Iwate,Japanese Common Test & University Exams,44.0
234,Miyagi Prefectural High School Tier-233,Miyagi,Japanese Common Test & University Exams,44.0
235,Akita Prefectural High School Tier-234,Akita,Japanese Common Test & University Exams,43.7
236,Yamagata Prefectural High School Tier-235,Yamagata,Japanese Common Test & University Exams,43.7
237,Tochigi Prefectural High School Tier-238,Tochigi,Japanese Common Test & University Exams,43.3
238,Fukushima Prefectural High School Tier-236,Fukushima,Japanese Common Test & University Exams,43.3
239,Ibaraki Prefectural High School Tier-237,Ibaraki,Japanese Common Test & University Exams,43.3
240,Gunma Prefectural High School Tier-239,Gunma,Japanese Common Test & University Exams,43.0
241,Saitama Prefectural High School Tier-240,Saitama,Japanese Common Test & University Exams,43.0
242,Chiba Prefectural High School Tier-241,Chiba,Japanese Common Test & University Exams,42.7
243,Kanagawa Prefectural High School Tier-242,Kanagawa,Japanese Common Test & University Exams,42.7
244,Niigata Prefectural High School Tier-243,Niigata,Japanese Common Test & University Exams,42.7
245,Toyama Prefectural High School Tier-244,Toyama,Japanese Common Test & University Exams,42.3
246,Ishikawa Prefectural High School Tier-245,Ishikawa,Japanese Common Test & University Exams,42.3
247,Fukui Prefectural High School Tier-246,Fukui,Japanese Common Test & University Exams,42.0
248,Yamanashi Prefectural High School Tier-247,Yamanashi,Japanese Common Test & University Exams,42.0
249,Nagano Prefectural High School Tier-248,Nagano,Japanese Common Test & University Exams,42.0
250,Shizuoka Prefectural High School Tier-250,Shizuoka,Japanese Common Test & University Exams,41.7
251,Gifu Prefectural High School Tier-249,Gifu,Japanese Common Test & University Exams,41.7
252,Shiga Prefectural High School Tier-253,Shiga,Japanese Common Test & University Exams,41.3
253,Aichi Prefectural High School Tier-251,Aichi,Japanese Common Test & University Exams,41.3
254,Mie Prefectural High School Tier-252,Mie,Japanese Common Test & University Exams,41.3
255,Kyoto Prefectural High School Tier-254,Kyoto,Japanese Common Test & University Exams,41.0
256,Osaka Prefectural High School Tier-255,Osaka,Japanese Common Test & University Exams,41.0
257,Hyogo Prefectural High School Tier-256,Hyogo,Japanese Common Test & University Exams,40.7
258,Nara Prefectural High School Tier-257,Nara,Japanese Common Test & University Exams,40.7
259,Wakayama Prefectural High School Tier-258,Wakayama,Japanese Common Test & University Exams,40.7
260,Tottori Prefectural High School Tier-259,Tottori,Japanese Common Test & University Exams,40.3
261,Shimane Prefectural High School Tier-260,Shimane,Japanese Common Test & University Exams,40.3
262,Okayama Prefectural High School Tier-261,Okayama,Japanese Common Test & University Exams,40.0
263,Hiroshima Prefectural High School Tier-262,Hiroshima,Japanese Common Test & University Exams,40.0
264,Yamaguchi Prefectural High School Tier-263,Yamaguchi,Japanese Common Test & University Exams,40.0
265,Tokushima Prefectural High School Tier-264,Tokushima,Japanese Common Test & University Exams,39.7
266,Kagawa Prefectural High School Tier-265,Kagawa,Japanese Common Test & University Exams,39.7
267,Fukuoka Prefectural High School Tier-268,Fukuoka,Japanese Common Test & University Exams,39.3
268,Kochi Prefectural High School Tier-267,Kochi,Japanese Common Test & University Exams,39.3
269,Ehime Prefectural High School Tier-266,Ehime,Japanese Common Test & University Exams,39.3
270,Saga Prefectural High School Tier-269,Saga,Japanese Common Test & University Exams,39.0
271,Nagasaki Prefectural High School Tier-270,Nagasaki,Japanese Common Test & University Exams,39.0
272,Kumamoto Prefectural High School Tier-271,Kumamoto,Japanese Common Test & University Exams,38.7
273,Oita Prefectural High School Tier-272,Oita,Japanese Common Test & University Exams,38.7
274,Miyazaki Prefectural High School Tier-273,Miyazaki,Japanese Common Test & University Exams,38.7
275,Kagoshima Prefectural High School Tier-274,Kagoshima,Japanese Common Test & University Exams,38.3
276,Okinawa Prefectural High School Tier-275,Okinawa,Japanese Common Test & University Exams,38.3
277,Hokkaido Prefectural High School Tier-276,Hokkaido,Japanese Common Test & University Exams,38.0
278,Aomori Prefectural High School Tier-277,Aomori,Japanese Common Test & University Exams,38.0
279,Iwate Prefectural High School Tier-278,Iwate,Japanese Common Test & University Exams,38.0
280,Miyagi Prefectural High School Tier-279,Miyagi,Japanese Common Test & University Exams,37.7
281,Akita Prefectural High School Tier-280,Akita,Japanese Common Test & University Exams,37.7
282,Ibaraki Prefectural High School Tier-283,Ibaraki,Japanese Common Test & University Exams,37.3
283,Yamagata Prefectural High School Tier-281,Yamagata,Japanese Common Test & University Exams,37.3
284,Fukushima Prefectural High School Tier-282,Fukushima,Japanese Common Test & University Exams,37.3
285,Tochigi Prefectural High School Tier-284,Tochigi,Japanese Common Test & University Exams,37.0
286,Gunma Prefectural High School Tier-285,Gunma,Japanese Common Test & University Exams,37.0
287,Saitama Prefectural High School Tier-286,Saitama,Japanese Common Test & University Exams,36.7
288,Chiba Prefectural High School Tier-287,Chiba,Japanese Common Test & University Exams,36.7
289,Kanagawa Prefectural High School Tier-288,Kanagawa,Japanese Common Test & University Exams,36.7
290,Niigata Prefectural High School Tier-289,Niigata,Japanese Common Test & University Exams,36.3
291,Toyama Prefectural High School Tier-290,Toyama,Japanese Common Test & University Exams,36.3
292,Ishikawa Prefectural High School Tier-291,Ishikawa,Japanese Common Test & University Exams,36.0
293,Fukui Prefectural High School Tier-292,Fukui,Japanese Common Test & University Exams,36.0
294,Yamanashi Prefectural High School Tier-293,Yamanashi,Japanese Common Test & University Exams,36.0
295,Nagano Prefectural High School Tier-294,Nagano,Japanese Common Test & University Exams,35.7
296,Gifu Prefectural High School Tier-295,Gifu,Japanese Common Test & University Exams,35.7
297,Mie Prefectural High School Tier-298,Mie,Japanese Common Test & University Exams,35.3
298,Aichi Prefectural High School Tier-297,Aichi,Japanese Common Test & University Exams,35.3
299,Shizuoka Prefectural High School Tier-296,Shizuoka,Japanese Common Test & University Exams,35.3
300,Shiga Prefectural High School Tier-299,Shiga,Japanese Common Test & University Exams,35.0
301,Kyoto Prefectural High School Tier-300,Kyoto,Japanese Common Test & University Exams,35.0
302,Osaka Prefectural High School Tier-301,Osaka,Japanese Common Test & University Exams,34.7
303,Hyogo Prefectural High School Tier-302,Hyogo,Japanese Common Test & University Exams,34.7
304,Nara Prefectural High School Tier-303,Nara,Japanese Common Test & University Exams,34.7
305,Wakayama Prefectural High School Tier-304,Wakayama,Japanese Common Test & University Exams,34.3
306,Tottori Prefectural High School Tier-305,Tottori,Japanese Common Test & University Exams,34.3
307,Shimane Prefectural High School Tier-306,Shimane,Japanese Common Test & University Exams,34.0
308,Okayama Prefectural High School Tier-307,Okayama,Japanese Common Test & University Exams,34.0
309,Hiroshima Prefectural High School Tier-308,Hiroshima,Japanese Common Test & University Exams,34.0
310,Yamaguchi Prefectural High School Tier-309,Yamaguchi,Japanese Common Test & University Exams,33.7
311,Tokushima Prefectural High School Tier-310,Tokushima,Japanese Common Test & University Exams,33.7
312,Kochi Prefectural High School Tier-313,Kochi,Japanese Common Test & University Exams,33.3
313,Ehime Prefectural High School Tier-312,Ehime,Japanese Common Test & University Exams,33.3
314,Kagawa Prefectural High School Tier-311,Kagawa,Japanese Common Test & University Exams,33.3
315,Saga Prefectural High School Tier-315,Saga,Japanese Common Test & University Exams,33.0
316,Fukuoka Prefectural High School Tier-314,Fukuoka,Japanese Common Test & University Exams,33.0
317,Nagasaki Prefectural High School Tier-316,Nagasaki,Japanese Common Test & University Exams,32.7
318,Oita Prefectural High School Tier-318,Oita,Japanese Common Test & University Exams,32.7
319,Kumamoto Prefectural High School Tier-317,Kumamoto,Japanese Common Test & University Exams,32.7
320,Miyazaki Prefectural High School Tier-319,Miyazaki,Japanese Common Test & University Exams,32.3
321,Kagoshima Prefectural High School Tier-320,Kagoshima,Japanese Common Test & University Exams,32.3
322,Okinawa Prefectural High School Tier-321,Okinawa,Japanese Common Test & University Exams,32.0
323,Hokkaido Prefectural High School Tier-322,Hokkaido,Japanese Common Test & University Exams,32.0
324,Aomori Prefectural High School Tier-323,Aomori,Japanese Common Test & University Exams,32.0
325,Iwate Prefectural High School Tier-324,Iwate,Japanese Common Test & University Exams,31.7
326,Miyagi Prefectural High School Tier-325,Miyagi,Japanese Common Test & University Exams,31.7
327,Fukushima Prefectural High School Tier-328,Fukushima,Japanese Common Test & University Exams,31.3
328,Yamagata Prefectural High School Tier-327,Yamagata,Japanese Common Test & University Exams,31.3
329,Akita Prefectural High School Tier-326,Akita,Japanese Common Test & University Exams,31.3
330,Tochigi Prefectural High School Tier-330,Tochigi,Japanese Common Test & University Exams,31.0
331,Ibaraki Prefectural High School Tier-329,Ibaraki,Japanese Common Test & University Exams,31.0
332,Gunma Prefectural High School Tier-331,Gunma,Japanese Common Test & University Exams,30.7
333,Saitama Prefectural High School Tier-332,Saitama,Japanese Common Test & University Exams,30.7
334,Chiba Prefectural High School Tier-333,Chiba,Japanese Common Test & University Exams,30.7
335,Kanagawa Prefectural High School Tier-334,Kanagawa,Japanese Common Test & University Exams,30.3
336,Niigata Prefectural High School Tier-335,Niigata,Japanese Common Test & University Exams,30.3
337,Toyama Prefectural High School Tier-336,Toyama,Japanese Common Test & University Exams,30.0
338,Ishikawa Prefectural High School Tier-337,Ishikawa,Japanese Common Test & University Exams,30.0
339,Fukui Prefectural High School Tier-338,Fukui,Japanese Common Test & University Exams,30.0
340,Yamanashi Prefectural High School Tier-339,Yamanashi,Japanese Common Test & University Exams,29.7
341,Nagano Prefectural High School Tier-340,Nagano,Japanese Common Test & University Exams,29.7
342,Shizuoka Prefectural High School Tier-342,Shizuoka,Japanese Common Test & University Exams,29.3
343,Aichi Prefectural High School Tier-343,Aichi,Japanese Common Test & University Exams,29.3
344,Gifu Prefectural High School Tier-341,Gifu,Japanese Common Test & University Exams,29.3
345,Shiga Prefectural High School Tier-345,Shiga,Japanese Common Test & University Exams,29.0
346,Mie Prefectural High School Tier-344,Mie,Japanese Common Test & University Exams,29.0
347,Kyoto Prefectural High School Tier-346,Kyoto,Japanese Common Test & University Exams,28.7
348,Osaka Prefectural High School Tier-347,Osaka,Japanese Common Test & University Exams,28.7
349,Hyogo Prefectural High School Tier-348,Hyogo,Japanese Common Test & University Exams,28.7
350,Nara Prefectural High School Tier-349,Nara,Japanese Common Test & University Exams,28.3
351,Wakayama Prefectural High School Tier-350,Wakayama,Japanese Common Test & University Exams,28.3
352,Tottori Prefectural High School Tier-351,Tottori,Japanese Common Test & University Exams,28.0
353,Shimane Prefectural High School Tier-352,Shimane,Japanese Common Test & University Exams,28.0
354,Okayama Prefectural High School Tier-353,Okayama,Japanese Common Test & University Exams,28.0
355,Hiroshima Prefectural High School Tier-354,Hiroshima,Japanese Common Test & University Exams,27.7
356,Yamaguchi Prefectural High School Tier-355,Yamaguchi,Japanese Common Test & University Exams,27.7
357,Kagawa Prefectural High School Tier-357,Kagawa,Japanese Common Test & University Exams,27.3
358,Ehime Prefectural High School Tier-358,Ehime,Japanese Common Test & University Exams,27.3
359,Tokushima Prefectural High School Tier-356,Tokushima,Japanese Common Test & University Exams,27.3
360,Kochi Prefectural High School Tier-359,Kochi,Japanese Common Test & University Exams,27.0
361,Fukuoka Prefectural High School Tier-360,Fukuoka,Japanese Common Test & University Exams,27.0
362,Saga Prefectural High School Tier-361,Saga,Japanese Common Test & University Exams,26.7
363,Nagasaki Prefectural High School Tier-362,Nagasaki,Japanese Common Test & University Exams,26.7
364,Kumamoto Prefectural High School Tier-363,Kumamoto,Japanese Common Test & University Exams,26.7
365,Oita Prefectural High School Tier-364,Oita,Japanese Common Test & University Exams,26.3
366,Miyazaki Prefectural High School Tier-365,Miyazaki,Japanese Common Test & University Exams,26.3
367,Kagoshima Prefectural High School Tier-366,Kagoshima,Japanese Common Test & University Exams,26.0
368,Okinawa Prefectural High School Tier-367,Okinawa,Japanese Common Test & University Exams,26.0
369,Hokkaido Prefectural High School Tier-368,Hokkaido,Japanese Common Test & University Exams,26.0
370,Aomori Prefectural High School Tier-369,Aomori,Japanese Common Test & University Exams,25.7
371,Iwate Prefectural High School Tier-370,Iwate,Japanese Common Test & University Exams,25.7
372,Miyagi Prefectural High School Tier-371,Miyagi,Japanese Common Test & University Exams,25.3
373,Akita Prefectural High School Tier-372,Akita,Japanese Common Test & University Exams,25.3
374,Yamagata Prefectural High School Tier-373,Yamagata,Japanese Common Test & University Exams,25.3
375,Ibaraki Prefectural High School Tier-375,Ibaraki,Japanese Common Test & University Exams,25.0
376,Fukushima Prefectural High School Tier-374,Fukushima,Japanese Common Test & University Exams,25.0
377,Saitama Prefectural High School Tier-378,Saitama,Japanese Common Test & University Exams,24.7
378,Tochigi Prefectural High School Tier-376,Tochigi,Japanese Common Test & University Exams,24.7
379,Gunma Prefectural High School Tier-377,Gunma,Japanese Common Test & University Exams,24.7
380,Chiba Prefectural High School Tier-379,Chiba,Japanese Common Test & University Exams,24.3
381,Kanagawa Prefectural High School Tier-380,Kanagawa,Japanese Common Test & University Exams,24.3
382,Niigata Prefectural High School Tier-381,Niigata,Japanese Common Test & University Exams,24.0
383,Toyama Prefectural High School Tier-382,Toyama,Japanese Common Test & University Exams,24.0
384,Ishikawa Prefectural High School Tier-383,Ishikawa,Japanese Common Test & University Exams,24.0
385,Fukui Prefectural High School Tier-384,Fukui,Japanese Common Test & University Exams,23.7
386,Yamanashi Prefectural High School Tier-385,Yamanashi,Japanese Common Test & University Exams,23.7
387,Nagano Prefectural High School Tier-386,Nagano,Japanese Common Test & University Exams,23.3
388,Gifu Prefectural High School Tier-387,Gifu,Japanese Common Test & University Exams,23.3
389,Shizuoka Prefectural High School Tier-388,Shizuoka,Japanese Common Test & University Exams,23.3
390,Aichi Prefectural High School Tier-389,Aichi,Japanese Common Test & University Exams,23.0
391,Mie Prefectural High School Tier-390,Mie,Japanese Common Test & University Exams,23.0
392,Osaka Prefectural High School Tier-393,Osaka,Japanese Common Test & University Exams,22.7
393,Kyoto Prefectural High School Tier-392,Kyoto,Japanese Common Test & University Exams,22.7
394,Shiga Prefectural High School Tier-391,Shiga,Japanese Common Test & University Exams,22.7
395,Hyogo Prefectural High School Tier-394,Hyogo,Japanese Common Test & University Exams,22.3
396,Nara Prefectural High School Tier-395,Nara,Japanese Common Test & University Exams,22.3
397,Wakayama Prefectural High School Tier-396,Wakayama,Japanese Common Test & University Exams,22.0
398,Tottori Prefectural High School Tier-397,Tottori,Japanese Common Test & University Exams,22.0
399,Shimane Prefectural High School Tier-398,Shimane,Japanese Common Test & University Exams,22.0
400,Okayama Prefectural High School Tier-399,Okayama,Japanese Common Test & University Exams,21.7
401,Hiroshima Prefectural High School Tier-400,Hiroshima,Japanese Common Test & University Exams,21.7
402,Yamaguchi Prefectural High School Tier-401,Yamaguchi,Japanese Common Test & University Exams,21.3
403,Tokushima Prefectural High School Tier-402,Tokushima,Japanese Common Test & University Exams,21.3
404,Kagawa Prefectural High School Tier-403,Kagawa,Japanese Common Test & University Exams,21.3
405,Ehime Prefectural High School Tier-404,Ehime,Japanese Common Test & University Exams,21.0
406,Kochi Prefectural High School Tier-405,Kochi,Japanese Common Test & University Exams,21.0
407,Nagasaki Prefectural High School Tier-408,Nagasaki,Japanese Common Test & University Exams,20.7
408,Fukuoka Prefectural High School Tier-406,Fukuoka,Japanese Common Test & University Exams,20.7
409,Saga Prefectural High School Tier-407,Saga,Japanese Common Test & University Exams,20.7
410,Kumamoto Prefectural High School Tier-409,Kumamoto,Japanese Common Test & University Exams,20.3
411,Oita Prefectural High School Tier-410,Oita,Japanese Common Test & University Exams,20.3
412,Miyazaki Prefectural High School Tier-411,Miyazaki,Japanese Common Test & University Exams,20.0
413,Kagoshima Prefectural High School Tier-412,Kagoshima,Japanese Common Test & University Exams,20.0
414,Okinawa Prefectural High School Tier-413,Okinawa,Japanese Common Test & University Exams,20.0
415,Hokkaido Prefectural High School Tier-414,Hokkaido,Japanese Common Test & University Exams,19.7
416,Aomori Prefectural High School Tier-415,Aomori,Japanese Common Test & University Exams,19.7
417,Iwate Prefectural High School Tier-416,Iwate,Japanese Common Test & University Exams,19.3
418,Miyagi Prefectural High School Tier-417,Miyagi,Japanese Common Test & University Exams,19.3
419,Akita Prefectural High School Tier-418,Akita,Japanese Common Test & University Exams,19.3
420,Yamagata Prefectural High School Tier-419,Yamagata,Japanese Common Test & University Exams,19.0
421,Fukushima Prefectural High School Tier-420,Fukushima,Japanese Common Test & University Exams,19.0
422,Gunma Prefectural High School Tier-423,Gunma,Japanese Common Test & University Exams,18.7
423,Tochigi Prefectural High School Tier-422,Tochigi,Japanese Common Test & University Exams,18.7
424,Ibaraki Prefectural High School Tier-421,Ibaraki,Japanese Common Test & University Exams,18.7
425,Saitama Prefectural High School Tier-424,Saitama,Japanese Common Test & University Exams,18.3
426,Chiba Prefectural High School Tier-425,Chiba,Japanese Common Test & University Exams,18.3
427,Kanagawa Prefectural High School Tier-426,Kanagawa,Japanese Common Test & University Exams,18.0
428,Niigata Prefectural High School Tier-427,Niigata,Japanese Common Test & University Exams,18.0
429,Toyama Prefectural High School Tier-428,Toyama,Japanese Common Test & University Exams,18.0
430,Ishikawa Prefectural High School Tier-429,Ishikawa,Japanese Common Test & University Exams,17.7
431,Fukui Prefectural High School Tier-430,Fukui,Japanese Common Test & University Exams,17.7
432,Yamanashi Prefectural High School Tier-431,Yamanashi,Japanese Common Test & University Exams,17.3
433,Nagano Prefectural High School Tier-432,Nagano,Japanese Common Test & University Exams,17.3
434,Gifu Prefectural High School Tier-433,Gifu,Japanese Common Test & University Exams,17.3
435,Shizuoka Prefectural High School Tier-434,Shizuoka,Japanese Common Test & University Exams,17.0
436,Aichi Prefectural High School Tier-435,Aichi,Japanese Common Test & University Exams,17.0
437,Kyoto Prefectural High School Tier-438,Kyoto,Japanese Common Test & University Exams,16.7
438,Shiga Prefectural High School Tier-437,Shiga,Japanese Common Test & University Exams,16.7
439,Mie Prefectural High School Tier-436,Mie,Japanese Common Test & University Exams,16.7
440,Hyogo Prefectural High School Tier-440,Hyogo,Japanese Common Test & University Exams,16.3
441,Osaka Prefectural High School Tier-439,Osaka,Japanese Common Test & University Exams,16.3
442,Nara Prefectural High School Tier-441,Nara,Japanese Common Test & University Exams,16.0
443,Wakayama Prefectural High School Tier-442,Wakayama,Japanese Common Test & University Exams,16.0
444,Tottori Prefectural High School Tier-443,Tottori,Japanese Common Test & University Exams,16.0
445,Shimane Prefectural High School Tier-444,Shimane,Japanese Common Test & University Exams,15.7
446,Okayama Prefectural High School Tier-445,Okayama,Japanese Common Test & University Exams,15.7
447,Hiroshima Prefectural High School Tier-446,Hiroshima,Japanese Common Test & University Exams,15.3
448,Yamaguchi Prefectural High School Tier-447,Yamaguchi,Japanese Common Test & University Exams,15.3
449,Tokushima Prefectural High School Tier-448,Tokushima,Japanese Common Test & University Exams,15.3
450,Kagawa Prefectural High School Tier-449,Kagawa,Japanese Common Test & University Exams,15.0
451,Ehime Prefectural High School Tier-450,Ehime,Japanese Common Test & University Exams,15.0
452,Kochi Prefectural High School Tier-451,Kochi,Japanese Common Test & University Exams,14.7
453,Fukuoka Prefectural High School Tier-452,Fukuoka,Japanese Common Test & University Exams,14.7
454,Saga Prefectural High School Tier-453,Saga,Japanese Common Test & University Exams,14.7
455,Kumamoto Prefectural High School Tier-455,Kumamoto,Japanese Common Test & University Exams,14.3
456,Nagasaki Prefectural High School Tier-454,Nagasaki,Japanese Common Test & University Exams,14.3
457,Oita Prefectural High School Tier-456,Oita,Japanese Common Test & University Exams,14.0
458,Miyazaki Prefectural High School Tier-457,Miyazaki,Japanese Common Test & University Exams,14.0
459,Kagoshima Prefectural High School Tier-458,Kagoshima,Japanese Common Test & University Exams,14.0
460,Okinawa Prefectural High School Tier-459,Okinawa,Japanese Common Test & University Exams,13.7
461,Hokkaido Prefectural High School Tier-460,Hokkaido,Japanese Common Test & University Exams,13.7
462,Aomori Prefectural High School Tier-461,Aomori,Japanese Common Test & University Exams,13.3
463,Iwate Prefectural High School Tier-462,Iwate,Japanese Common Test & University Exams,13.3
464,Miyagi Prefectural High School Tier-463,Miyagi,Japanese Common Test & University Exams,13.3
465,Akita Prefectural High School Tier-464,Akita,Japanese Common Test & University Exams,13.0
466,Yamagata Prefectural High School Tier-465,Yamagata,Japanese Common Test & University Exams,13.0
467,Fukushima Prefectural High School Tier-466,Fukushima,Japanese Common Test & University Exams,12.7
468,Ibaraki Prefectural High School Tier-467,Ibaraki,Japanese Common Test & University Exams,12.7
469,Tochigi Prefectural High School Tier-468,Tochigi,Japanese Common Test & University Exams,12.7
470,Saitama Prefectural High School Tier-470,Saitama,Japanese Common Test & University Exams,12.3
471,Gunma Prefectural High School Tier-469,Gunma,Japanese Common Test & University Exams,12.3
472,Chiba Prefectural High School Tier-471,Chiba,Japanese Common Test & University Exams,12.0
473,Niigata Prefectural High School Tier-473,Niigata,Japanese Common Test & University Exams,12.0
474,Kanagawa Prefectural High School Tier-472,Kanagawa,Japanese Common Test & University Exams,12.0
475,Toyama Prefectural High School Tier-474,Toyama,Japanese Common Test & University Exams,11.7
476,Global Curricula Candidate Academy Track-481,Metropolitan Hub,IB Diploma Programme (DP) / English Options,10.5
477,Global Curricula Candidate Academy Track-484,Metropolitan Hub,IB Diploma Programme (DP) / English Options,10.5
478,Global Curricula Candidate Academy Track-483,Metropolitan Hub,IB Diploma Programme (DP) / English Options,10.5
479,Global Curricula Candidate Academy Track-482,Metropolitan Hub,IB Diploma Programme (DP) / English Options,10.5
480,Global Curricula Candidate Academy Track-480,Metropolitan Hub,IB Diploma Programme (DP) / English Options,10.5
481,Global Curricula Candidate Academy Track-479,Metropolitan Hub,IB Diploma Programme (DP) / English Options,10.5
482,Global Curricula Candidate Academy Track-478,Metropolitan Hub,IB Diploma Programme (DP) / English Options,10.5
483,Global Curricula Candidate Academy Track-477,Metropolitan Hub,IB Diploma Programme (DP) / English Options,10.5
484,Global Curricula Candidate Academy Track-476,Metropolitan Hub,IB Diploma Programme (DP) / English Options,10.5
485,Global Curricula Candidate Academy Track-475,Metropolitan Hub,IB Diploma Programme (DP) / English Options,10.5
486,Global Curricula Candidate Academy Track-491,Metropolitan Hub,IB Diploma Programme (DP) / English Options,10.0
487,Global Curricula Candidate Academy Track-495,Metropolitan Hub,IB Diploma Programme (DP) / English Options,10.0
488,Global Curricula Candidate Academy Track-494,Metropolitan Hub,IB Diploma Programme (DP) / English Options,10.0
489,Global Curricula Candidate Academy Track-493,Metropolitan Hub,IB Diploma Programme (DP) / English Options,10.0
490,Global Curricula Candidate Academy Track-492,Metropolitan Hub,IB Diploma Programme (DP) / English Options,10.0
491,Global Curricula Candidate Academy Track-485,Metropolitan Hub,IB Diploma Programme (DP) / English Options,10.0
492,Global Curricula Candidate Academy Track-490,Metropolitan Hub,IB Diploma Programme (DP) / English Options,10.0
493,Global Curricula Candidate Academy Track-489,Metropolitan Hub,IB Diploma Programme (DP) / English Options,10.0
494,Global Curricula Candidate Academy Track-488,Metropolitan Hub,IB Diploma Programme (DP) / English Options,10.0
495,Global Curricula Candidate Academy Track-487,Metropolitan Hub,IB Diploma Programme (DP) / English Options,10.0
496,Global Curricula Candidate Academy Track-486,Metropolitan Hub,IB Diploma Programme (DP) / English Options,10.0
497,Global Curricula Candidate Academy Track-496,Metropolitan Hub,IB Diploma Programme (DP) / English Options,9.5
498,Global Curricula Candidate Academy Track-497,Metropolitan Hub,IB Diploma Programme (DP) / English Options,9.5
499,Global Curricula Candidate Academy Track-498,Metropolitan Hub,IB Diploma Programme (DP) / English Options,9.5
500,Global Curricula Candidate Academy Track-499,Metropolitan Hub,IB Diploma Programme (DP) / English Options,9.5
